{"_runtime": 18.157299280166626, "_step": 1, "val_image": {"_type": "image-file", "path": "media/images/val_image_0_57b20534.png", "sha256": "57b205341120038dae1fe90c6b4bf4a273d0f46f84363885b3b234a210dbd545", "size": 101213, "format": "png", "width": 1034, "height": 2066}, "_timestamp": 1604283328.9965398, "global_step": 0, "val_cmd_loss": 2.4364150047302244, "val_loss": 0.6386715531349182, "val_speed_loss": 4.639121723175049, "val_cmd_pred_loss": 2.428202819824219, "val_steer_pred_loss": 0.1936178535223007, "val_steer_loss": 0.2337081402540207, "val_speed_pred_loss": 4.662787771224975, "val_point_loss": 0.3950300693511963}
